[
  {
    "bridge_balance_mohm": 15.9340658187866,
    "id": 396307945,
    "leak_pa": 0.0,
    "num_spikes": 0,
    "peak_deflection": 0.0,
    "post_noise_rms_mv": 0.0433230213820934,
    "post_vm_mv": -76.1777648925781,
    "pre_noise_rms_mv": 0.0400058180093765,
    "pre_vm_mv": -76.3116226196289,
    "slow_noise_rms_mv": 0.0962713956832886,
    "slow_vm_mv": -76.3116226196289,
    "specimen_id": 314831019,
    "stimulus_absolute_amplitude": 200.000002670286,
    "stimulus_description": "C1SSCOARSE141203[1]",
    "stimulus_duration": 0.002995,
    "stimulus_interval": 0.0,
    "stimulus_name": "Short Square",
    "stimulus_relative_amplitude": 1.0,
    "stimulus_start_time": 0.92,
    "stimulus_units": "pA",
    "sweep_number": 8,
    "vm_delta_mv": 0.133857727050781
  },
  {
    "bridge_balance_mohm": 15.9340658187866,
    "id": 396307831,
    "leak_pa": 0.0,
    "num_spikes": 1,
    "peak_deflection": 0.0,
    "post_noise_rms_mv": 0.0388179905712605,
    "post_vm_mv": -74.1074523925781,
    "pre_noise_rms_mv": 0.0426421836018562,
    "pre_vm_mv": -75.8604431152344,
    "slow_noise_rms_mv": 0.0988596379756927,
    "slow_vm_mv": -75.8604431152344,
    "specimen_id": 314831019,
    "stimulus_absolute_amplitude": 900.000018955183,
    "stimulus_description": "C1SSCOARSE141203[8]",
    "stimulus_duration": 0.002995,
    "stimulus_interval": 0.0,
    "stimulus_name": "Short Square",
    "stimulus_relative_amplitude": 1.0,
    "stimulus_start_time": 0.92,
    "stimulus_units": "pA",
    "sweep_number": 15,
    "vm_delta_mv": 1.75299072265625
  },
  {
    "bridge_balance_mohm": 15.9340658187866,
    "id": 396307867,
    "leak_pa": 0.0,
    "num_spikes": 1,
    "peak_deflection": 0.0,
    "post_noise_rms_mv": 0.0411123596131802,
    "post_vm_mv": -75.5267486572266,
    "pre_noise_rms_mv": 0.0447210483253002,
    "pre_vm_mv": -77.3668518066406,
    "slow_noise_rms_mv": 0.109179772436619,
    "slow_vm_mv": -77.3668518066406,
    "specimen_id": 314831019,
    "stimulus_absolute_amplitude": 930.000021437394,
    "stimulus_description": "C1SSFINEST141203[0]",
    "stimulus_duration": 0.002995,
    "stimulus_interval": 0.0,
    "stimulus_name": "Short Square",
    "stimulus_relative_amplitude": 9.3,
    "stimulus_start_time": 0.92,
    "stimulus_units": "pA",
    "sweep_number": 31,
    "vm_delta_mv": 1.84010314941406
  },
  {
    "bridge_balance_mohm": 15.9340658187866,
    "id": 396307887,
    "leak_pa": 0.0,
    "num_spikes": 0,
    "peak_deflection": -64.53125,
    "post_noise_rms_mv": 0.0453854501247406,
    "post_vm_mv": -76.3132629394531,
    "pre_noise_rms_mv": 0.0399469435214996,
    "pre_vm_mv": -76.7511367797852,
    "slow_noise_rms_mv": 0.0617172755300999,
    "slow_vm_mv": -76.7511367797852,
    "specimen_id": 314831019,
    "stimulus_absolute_amplitude": 50.0000006675716,
    "stimulus_description": "C1LSCOARSE141203[8]",
    "stimulus_duration": 0.999995,
    "stimulus_interval": 0.0,
    "stimulus_name": "Long Square",
    "stimulus_relative_amplitude": 1.0,
    "stimulus_start_time": 0.92,
    "stimulus_units": "pA",
    "sweep_number": 40,
    "vm_delta_mv": 0.437873840332031
  },
  {
    "bridge_balance_mohm": 15.9340658187866,
    "id": 396307823,
    "leak_pa": 0.0,
    "num_spikes": 0,
    "peak_deflection": 0.0,
    "post_noise_rms_mv": 0.0402716100215912,
    "post_vm_mv": -75.8621597290039,
    "pre_noise_rms_mv": 0.0461460761725903,
    "pre_vm_mv": -76.6718444824219,
    "slow_noise_rms_mv": 0.0795749202370644,
    "slow_vm_mv": -76.6718444824219,
    "specimen_id": 314831019,
    "stimulus_absolute_amplitude": 499.999985859034,
    "stimulus_description": "C1SSCOARSE141203[4]",
    "stimulus_duration": 0.002995,
    "stimulus_interval": 0.0,
    "stimulus_name": "Short Square",
    "stimulus_relative_amplitude": 1.0,
    "stimulus_start_time": 0.92,
    "stimulus_units": "pA",
    "sweep_number": 11,
    "vm_delta_mv": 0.809684753417969
  },
  {
    "bridge_balance_mohm": 15.9340658187866,
    "id": 396307865,
    "leak_pa": 0.0,
    "num_spikes": 1,
    "peak_deflection": 0.0,
    "post_noise_rms_mv": 0.0421138592064381,
    "post_vm_mv": -75.4097518920898,
    "pre_noise_rms_mv": 0.0431195721030235,
    "pre_vm_mv": -77.336067199707,
    "slow_noise_rms_mv": 0.067857950925827,
    "slow_vm_mv": -77.336067199707,
    "specimen_id": 314831019,
    "stimulus_absolute_amplitude": 930.000021437394,
    "stimulus_description": "C1SSFINEST141203[0]",
    "stimulus_duration": 0.002995,
    "stimulus_interval": 0.0,
    "stimulus_name": "Short Square",
    "stimulus_relative_amplitude": 9.3,
    "stimulus_start_time": 0.92,
    "stimulus_units": "pA",
    "sweep_number": 30,
    "vm_delta_mv": 1.92631530761719
  },
  {
    "bridge_balance_mohm": 0.0,
    "id": 396307817,
    "leak_pa": 0.0,
    "num_spikes": 0,
    "peak_deflection": 0.0,
    "post_noise_rms_mv": 0.0,
    "post_vm_mv": 0.0,
    "pre_noise_rms_mv": 0.0,
    "pre_vm_mv": 0.0,
    "slow_noise_rms_mv": 0.0,
    "slow_vm_mv": 0.0,
    "specimen_id": 314831019,
    "stimulus_absolute_amplitude": 9.99999977648258,
    "stimulus_description": "EXTPSMOKET141203[0]",
    "stimulus_duration": 0.069995,
    "stimulus_interval": 0.05,
    "stimulus_name": "Test",
    "stimulus_relative_amplitude": 1.0,
    "stimulus_start_time": 0.03,
    "stimulus_units": "mV",
    "sweep_number": 0,
    "vm_delta_mv": 0.0
  },
  {
    "bridge_balance_mohm": 15.9340658187866,
    "id": 396307837,
    "leak_pa": 0.0,
    "num_spikes": 0,
    "peak_deflection": 0.0,
    "post_noise_rms_mv": 0.0416996963322163,
    "post_vm_mv": -75.497444152832,
    "pre_noise_rms_mv": 0.0380832999944687,
    "pre_vm_mv": -76.863899230957,
    "slow_noise_rms_mv": 0.121420003473759,
    "slow_vm_mv": -76.863899230957,
    "specimen_id": 314831019,
    "stimulus_absolute_amplitude": 890.000018127779,
    "stimulus_description": "C1SSFINEST141203[0]",
    "stimulus_duration": 0.002995,
    "stimulus_interval": 0.0,
    "stimulus_name": "Short Square",
    "stimulus_relative_amplitude": 8.9,
    "stimulus_start_time": 0.92,
    "stimulus_units": "pA",
    "sweep_number": 18,
    "vm_delta_mv": 1.366455078125
  },
  {
    "bridge_balance_mohm": 15.9340658187866,
    "id": 396307857,
    "leak_pa": 0.0,
    "num_spikes": 1,
    "peak_deflection": 0.0,
    "post_noise_rms_mv": 0.0392819792032242,
    "post_vm_mv": -74.9204559326172,
    "pre_noise_rms_mv": 0.0408258959650993,
    "pre_vm_mv": -76.6995697021484,
    "slow_noise_rms_mv": 0.149226680397987,
    "slow_vm_mv": -76.6995697021484,
    "specimen_id": 314831019,
    "stimulus_absolute_amplitude": 930.000021437394,
    "stimulus_description": "C1SSFINEST141203[0]",
    "stimulus_duration": 0.002995,
    "stimulus_interval": 0.0,
    "stimulus_name": "Short Square",
    "stimulus_relative_amplitude": 9.3,
    "stimulus_start_time": 0.92,
    "stimulus_units": "pA",
    "sweep_number": 27,
    "vm_delta_mv": 1.77911376953125
  },
  {
    "bridge_balance_mohm": 15.9340658187866,
    "id": 396307855,
    "leak_pa": 0.0,
    "num_spikes": 0,
    "peak_deflection": 0.0,
    "post_noise_rms_mv": 0.0377436019480228,
    "post_vm_mv": -75.3555297851562,
    "pre_noise_rms_mv": 0.0392634309828281,
    "pre_vm_mv": -76.7278900146484,
    "slow_noise_rms_mv": 0.137087151408195,
    "slow_vm_mv": -76.7278900146484,
    "specimen_id": 314831019,
    "stimulus_absolute_amplitude": 920.00002060999,
    "stimulus_description": "C1SSFINEST141203[0]",
    "stimulus_duration": 0.002995,
    "stimulus_interval": 0.0,
    "stimulus_name": "Short Square",
    "stimulus_relative_amplitude": 9.2,
    "stimulus_start_time": 0.92,
    "stimulus_units": "pA",
    "sweep_number": 26,
    "vm_delta_mv": 1.37236022949219
  },
  {
    "bridge_balance_mohm": 15.9340658187866,
    "id": 396307847,
    "leak_pa": 0.0,
    "num_spikes": 0,
    "peak_deflection": 0.0,
    "post_noise_rms_mv": 0.0410480871796608,
    "post_vm_mv": -75.2423934936523,
    "pre_noise_rms_mv": 0.0368711836636066,
    "pre_vm_mv": -76.5643844604492,
    "slow_noise_rms_mv": 0.145318269729614,
    "slow_vm_mv": -76.5643844604492,
    "specimen_id": 314831019,
    "stimulus_absolute_amplitude": 900.000018955183,
    "stimulus_description": "C1SSFINEST141203[0]",
    "stimulus_duration": 0.002995,
    "stimulus_interval": 0.0,
    "stimulus_name": "Short Square",
    "stimulus_relative_amplitude": 9.0,
    "stimulus_start_time": 0.92,
    "stimulus_units": "pA",
    "sweep_number": 22,
    "vm_delta_mv": 1.32199096679688
  },
  {
    "bridge_balance_mohm": 15.9340658187866,
    "id": 396307873,
    "leak_pa": 0.0,
    "num_spikes": 0,
    "peak_deflection": -88.0625,
    "post_noise_rms_mv": 0.0370373576879501,
    "post_vm_mv": -76.034538269043,
    "pre_noise_rms_mv": 0.0402049273252487,
    "pre_vm_mv": -76.2180938720703,
    "slow_noise_rms_mv": 0.087921068072319,
    "slow_vm_mv": -76.2180938720703,
    "specimen_id": 314831019,
    "stimulus_absolute_amplitude": -69.9999988529321,
    "stimulus_description": "C1LSCOARSE141203[2]",
    "stimulus_duration": 0.999995,
    "stimulus_interval": 0.0,
    "stimulus_name": "Long Square",
    "stimulus_relative_amplitude": 1.0,
    "stimulus_start_time": 0.92,
    "stimulus_units": "pA",
    "sweep_number": 34,
    "vm_delta_mv": 0.183555603027344
  },
  {
    "bridge_balance_mohm": 15.9340658187866,
    "id": 396307943,
    "leak_pa": 0.0,
    "num_spikes": 0,
    "peak_deflection": 0.0,
    "post_noise_rms_mv": 0.0327851362526417,
    "post_vm_mv": -76.7544631958008,
    "pre_noise_rms_mv": 0.0410767830908298,
    "pre_vm_mv": -76.9114379882812,
    "slow_noise_rms_mv": 0.13099867105484,
    "slow_vm_mv": -76.9114379882812,
    "specimen_id": 314831019,
    "stimulus_absolute_amplitude": 100.000001335143,
    "stimulus_description": "C1SSCOARSE141203[0]",
    "stimulus_duration": 0.002995,
    "stimulus_interval": 0.0,
    "stimulus_name": "Short Square",
    "stimulus_relative_amplitude": 1.0,
    "stimulus_start_time": 0.92,
    "stimulus_units": "pA",
    "sweep_number": 7,
    "vm_delta_mv": 0.156974792480469
  },
  {
    "bridge_balance_mohm": 15.9340658187866,
    "id": 396307915,
    "leak_pa": 0.0,
    "num_spikes": 2,
    "peak_deflection": 0.0,
    "post_noise_rms_mv": 0.041492123156786,
    "post_vm_mv": -75.8665084838867,
    "pre_noise_rms_mv": 0.0409149155020714,
    "pre_vm_mv": -75.8077545166016,
    "slow_noise_rms_mv": 0.0720132067799568,
    "slow_vm_mv": -75.8077545166016,
    "specimen_id": 314831019,
    "stimulus_absolute_amplitude": 110.000002162547,
    "stimulus_description": "C1LSFINEST141203[0]",
    "stimulus_duration": 0.999995,
    "stimulus_interval": 0.0,
    "stimulus_name": "Long Square",
    "stimulus_relative_amplitude": 1.1,
    "stimulus_start_time": 0.92,
    "stimulus_units": "pA",
    "sweep_number": 53,
    "vm_delta_mv": 0.0587539672851562
  },
  {
    "bridge_balance_mohm": 15.9340658187866,
    "id": 396307899,
    "leak_pa": 0.0,
    "num_spikes": 14,
    "peak_deflection": 0.0,
    "post_noise_rms_mv": 0.0435499511659145,
    "post_vm_mv": -76.7727508544922,
    "pre_noise_rms_mv": 0.0401675440371037,
    "pre_vm_mv": -76.6377868652344,
    "slow_noise_rms_mv": 0.106530979275703,
    "slow_vm_mv": -76.6377868652344,
    "specimen_id": 314831019,
    "stimulus_absolute_amplitude": 170.000000188075,
    "stimulus_description": "C1LSCOARSE141203[14]",
    "stimulus_duration": 0.999995,
    "stimulus_interval": 0.0,
    "stimulus_name": "Long Square",
    "stimulus_relative_amplitude": 1.0,
    "stimulus_start_time": 0.92,
    "stimulus_units": "pA",
    "sweep_number": 46,
    "vm_delta_mv": 0.134963989257812
  },
  {
    "bridge_balance_mohm": 15.9340658187866,
    "id": 396307907,
    "leak_pa": 0.0,
    "num_spikes": 9,
    "peak_deflection": 0.0,
    "post_noise_rms_mv": 0.0,
    "post_vm_mv": 0.0,
    "pre_noise_rms_mv": 0.0411788783967495,
    "pre_vm_mv": -77.3351135253906,
    "slow_noise_rms_mv": 0.0570719689130783,
    "slow_vm_mv": -77.3351135253906,
    "specimen_id": 314831019,
    "stimulus_absolute_amplitude": 800.000010681146,
    "stimulus_description": "C1RP25PR1S141203[0]",
    "stimulus_duration": 31.997495,
    "stimulus_interval": 0.0,
    "stimulus_name": "Ramp",
    "stimulus_relative_amplitude": 1.0,
    "stimulus_start_time": 0.9225,
    "stimulus_units": "pA",
    "sweep_number": 5,
    "vm_delta_mv": 0.0
  },
  {
    "bridge_balance_mohm": 15.9340658187866,
    "id": 396307851,
    "leak_pa": 0.0,
    "num_spikes": 1,
    "peak_deflection": 0.0,
    "post_noise_rms_mv": 0.0409747771918774,
    "post_vm_mv": -74.5229187011719,
    "pre_noise_rms_mv": 0.043029997497797,
    "pre_vm_mv": -76.3992233276367,
    "slow_noise_rms_mv": 0.107134819030762,
    "slow_vm_mv": -76.3992233276367,
    "specimen_id": 314831019,
    "stimulus_absolute_amplitude": 900.000018955183,
    "stimulus_description": "C1SSFINEST141203[0]",
    "stimulus_duration": 0.002995,
    "stimulus_interval": 0.0,
    "stimulus_name": "Short Square",
    "stimulus_relative_amplitude": 9.0,
    "stimulus_start_time": 0.92,
    "stimulus_units": "pA",
    "sweep_number": 24,
    "vm_delta_mv": 1.87630462646484
  },
  {
    "bridge_balance_mohm": 15.9340658187866,
    "id": 396307913,
    "leak_pa": 0.0,
    "num_spikes": 0,
    "peak_deflection": -48.8125,
    "post_noise_rms_mv": 0.0402441844344139,
    "post_vm_mv": -76.387580871582,
    "pre_noise_rms_mv": 0.0421588756144047,
    "pre_vm_mv": -76.2644348144531,
    "slow_noise_rms_mv": 0.133969455957413,
    "slow_vm_mv": -76.2644348144531,
    "specimen_id": 314831019,
    "stimulus_absolute_amplitude": 100.000001335143,
    "stimulus_description": "C1LSFINEST141203[0]",
    "stimulus_duration": 0.999995,
    "stimulus_interval": 0.0,
    "stimulus_name": "Long Square",
    "stimulus_relative_amplitude": 1.0,
    "stimulus_start_time": 0.92,
    "stimulus_units": "pA",
    "sweep_number": 52,
    "vm_delta_mv": 0.123146057128906
  },
  {
    "bridge_balance_mohm": 15.9340658187866,
    "id": 396307901,
    "leak_pa": 0.0,
    "num_spikes": 17,
    "peak_deflection": 0.0,
    "post_noise_rms_mv": 0.0422224104404449,
    "post_vm_mv": -76.8124313354492,
    "pre_noise_rms_mv": 0.0399829261004925,
    "pre_vm_mv": -76.6743621826172,
    "slow_noise_rms_mv": 0.112485520541668,
    "slow_vm_mv": -76.6743621826172,
    "specimen_id": 314831019,
    "stimulus_absolute_amplitude": 190.000001842883,
    "stimulus_description": "C1LSCOARSE141203[15]",
    "stimulus_duration": 0.999995,
    "stimulus_interval": 0.0,
    "stimulus_name": "Long Square",
    "stimulus_relative_amplitude": 1.0,
    "stimulus_start_time": 0.92,
    "stimulus_units": "pA",
    "sweep_number": 47,
    "vm_delta_mv": 0.138069152832031
  },
  {
    "bridge_balance_mohm": 15.9340658187866,
    "id": 396307947,
    "leak_pa": 0.0,
    "num_spikes": 0,
    "peak_deflection": 0.0,
    "post_noise_rms_mv": 0.037800494581461,
    "post_vm_mv": -76.3359909057617,
    "pre_noise_rms_mv": 0.0429162532091141,
    "pre_vm_mv": -75.9907836914062,
    "slow_noise_rms_mv": 0.21291022002697,
    "slow_vm_mv": -75.9907836914062,
    "specimen_id": 314831019,
    "stimulus_absolute_amplitude": 299.999997066536,
    "stimulus_description": "C1SSCOARSE141203[2]",
    "stimulus_duration": 0.002995,
    "stimulus_interval": 0.0,
    "stimulus_name": "Short Square",
    "stimulus_relative_amplitude": 1.0,
    "stimulus_start_time": 0.92,
    "stimulus_units": "pA",
    "sweep_number": 9,
    "vm_delta_mv": 0.345207214355469
  },
  {
    "bridge_balance_mohm": 15.9340658187866,
    "id": 396307821,
    "leak_pa": 0.0,
    "num_spikes": 0,
    "peak_deflection": 0.0,
    "post_noise_rms_mv": 0.0434427335858345,
    "post_vm_mv": -76.2515869140625,
    "pre_noise_rms_mv": 0.0408722274005413,
    "pre_vm_mv": -76.805793762207,
    "slow_noise_rms_mv": 0.0726918429136276,
    "slow_vm_mv": -76.805793762207,
    "specimen_id": 314831019,
    "stimulus_absolute_amplitude": 400.000005340573,
    "stimulus_description": "C1SSCOARSE141203[3]",
    "stimulus_duration": 0.002995,
    "stimulus_interval": 0.0,
    "stimulus_name": "Short Square",
    "stimulus_relative_amplitude": 1.0,
    "stimulus_start_time": 0.92,
    "stimulus_units": "pA",
    "sweep_number": 10,
    "vm_delta_mv": 0.554206848144531
  },
  {
    "bridge_balance_mohm": 15.9340658187866,
    "id": 396307881,
    "leak_pa": 0.0,
    "num_spikes": 0,
    "peak_deflection": -74.34375,
    "post_noise_rms_mv": 0.0304145496338606,
    "post_vm_mv": -76.9056625366211,
    "pre_noise_rms_mv": 0.0442728772759438,
    "pre_vm_mv": -76.8124313354492,
    "slow_noise_rms_mv": 0.105057127773762,
    "slow_vm_mv": -76.8124313354492,
    "specimen_id": 314831019,
    "stimulus_absolute_amplitude": 9.99999996004197,
    "stimulus_description": "C1LSCOARSE141203[6]",
    "stimulus_duration": 0.999995,
    "stimulus_interval": 0.0,
    "stimulus_name": "Long Square",
    "stimulus_relative_amplitude": 1.0,
    "stimulus_start_time": 0.92,
    "stimulus_units": "pA",
    "sweep_number": 38,
    "vm_delta_mv": 0.093231201171875
  },
  {
    "bridge_balance_mohm": 15.9340658187866,
    "id": 396307929,
    "leak_pa": 0.0,
    "num_spikes": 5,
    "peak_deflection": 0.0,
    "post_noise_rms_mv": 0.0,
    "post_vm_mv": 0.0,
    "pre_noise_rms_mv": 0.0379720889031887,
    "pre_vm_mv": -77.2943420410156,
    "slow_noise_rms_mv": 0.0849710702896118,
    "slow_vm_mv": -77.2943420410156,
    "specimen_id": 314831019,
    "stimulus_absolute_amplitude": 800.000010681146,
    "stimulus_description": "C1RP25PR1S141203[0]",
    "stimulus_duration": 31.997495,
    "stimulus_interval": 0.0,
    "stimulus_name": "Ramp",
    "stimulus_relative_amplitude": 1.0,
    "stimulus_start_time": 0.9225,
    "stimulus_units": "pA",
    "sweep_number": 6,
    "vm_delta_mv": 0.0
  },
  {
    "bridge_balance_mohm": 15.9340658187866,
    "id": 396307889,
    "leak_pa": 0.0,
    "num_spikes": 0,
    "peak_deflection": -57.0,
    "post_noise_rms_mv": 0.0408447273075581,
    "post_vm_mv": -75.8168334960938,
    "pre_noise_rms_mv": 0.0403934679925442,
    "pre_vm_mv": -76.2368316650391,
    "slow_noise_rms_mv": 0.0934453532099724,
    "slow_vm_mv": -76.2368316650391,
    "specimen_id": 314831019,
    "stimulus_absolute_amplitude": 69.9999988529321,
    "stimulus_description": "C1LSCOARSE141203[9]",
    "stimulus_duration": 0.999995,
    "stimulus_interval": 0.0,
    "stimulus_name": "Long Square",
    "stimulus_relative_amplitude": 1.0,
    "stimulus_start_time": 0.92,
    "stimulus_units": "pA",
    "sweep_number": 41,
    "vm_delta_mv": 0.419998168945312
  },
  {
    "bridge_balance_mohm": 0.0,
    "id": 396307863,
    "leak_pa": 0.0,
    "num_spikes": 0,
    "peak_deflection": 0.0,
    "post_noise_rms_mv": 0.0,
    "post_vm_mv": 0.0,
    "pre_noise_rms_mv": 0.0,
    "pre_vm_mv": 0.0,
    "slow_noise_rms_mv": 0.0,
    "slow_vm_mv": 0.0,
    "specimen_id": 314831019,
    "stimulus_absolute_amplitude": 9.99999977648258,
    "stimulus_description": "EXTPBREAKN141203[0]",
    "stimulus_duration": 0.069995,
    "stimulus_interval": 0.05,
    "stimulus_name": "Test",
    "stimulus_relative_amplitude": 1.0,
    "stimulus_start_time": 0.03,
    "stimulus_units": "mV",
    "sweep_number": 3,
    "vm_delta_mv": 0.0
  },
  {
    "bridge_balance_mohm": 15.9340658187866,
    "id": 396307869,
    "leak_pa": 0.0,
    "num_spikes": 0,
    "peak_deflection": -93.21875,
    "post_noise_rms_mv": 0.0379707142710686,
    "post_vm_mv": -76.1500396728516,
    "pre_noise_rms_mv": 0.0363974794745445,
    "pre_vm_mv": -76.9059448242188,
    "slow_noise_rms_mv": 0.104636766016483,
    "slow_vm_mv": -76.9059448242188,
    "specimen_id": 314831019,
    "stimulus_absolute_amplitude": -110.000002162547,
    "stimulus_description": "C1LSCOARSE141203[0]",
    "stimulus_duration": 0.999995,
    "stimulus_interval": 0.0,
    "stimulus_name": "Long Square",
    "stimulus_relative_amplitude": 1.0,
    "stimulus_start_time": 0.92,
    "stimulus_units": "pA",
    "sweep_number": 32,
    "vm_delta_mv": 0.755905151367188
  },
  {
    "bridge_balance_mohm": 0.0,
    "id": 396307819,
    "leak_pa": 0.0,
    "num_spikes": 0,
    "peak_deflection": 0.0,
    "post_noise_rms_mv": 0.0,
    "post_vm_mv": 0.0,
    "pre_noise_rms_mv": 0.0,
    "pre_vm_mv": 0.0,
    "slow_noise_rms_mv": 0.0,
    "slow_vm_mv": 0.0,
    "specimen_id": 314831019,
    "stimulus_absolute_amplitude": 9.99999977648258,
    "stimulus_description": "EXTPINBATH141203[0]",
    "stimulus_duration": 0.069995,
    "stimulus_interval": 0.05,
    "stimulus_name": "Test",
    "stimulus_relative_amplitude": 1.0,
    "stimulus_start_time": 0.03,
    "stimulus_units": "mV",
    "sweep_number": 1,
    "vm_delta_mv": 0.0
  },
  {
    "bridge_balance_mohm": 15.9340658187866,
    "id": 396307825,
    "leak_pa": 0.0,
    "num_spikes": 0,
    "peak_deflection": 0.0,
    "post_noise_rms_mv": 0.0393875762820244,
    "post_vm_mv": -75.2875213623047,
    "pre_noise_rms_mv": 0.0463706776499748,
    "pre_vm_mv": -76.3721313476562,
    "slow_noise_rms_mv": 0.0850146487355232,
    "slow_vm_mv": -76.3721313476562,
    "specimen_id": 314831019,
    "stimulus_absolute_amplitude": 599.999994133071,
    "stimulus_description": "C1SSCOARSE141203[5]",
    "stimulus_duration": 0.002995,
    "stimulus_interval": 0.0,
    "stimulus_name": "Short Square",
    "stimulus_relative_amplitude": 1.0,
    "stimulus_start_time": 0.92,
    "stimulus_units": "pA",
    "sweep_number": 12,
    "vm_delta_mv": 1.08460998535156
  },
  {
    "bridge_balance_mohm": 15.9340658187866,
    "id": 396307895,
    "leak_pa": 0.0,
    "num_spikes": 7,
    "peak_deflection": 0.0,
    "post_noise_rms_mv": 0.0388145484030247,
    "post_vm_mv": -77.0674285888672,
    "pre_noise_rms_mv": 0.0410329699516296,
    "pre_vm_mv": -76.9552001953125,
    "slow_noise_rms_mv": 0.102984510362148,
    "slow_vm_mv": -76.9552001953125,
    "specimen_id": 314831019,
    "stimulus_absolute_amplitude": 129.99999687846,
    "stimulus_description": "C1LSCOARSE141203[12]",
    "stimulus_duration": 0.999995,
    "stimulus_interval": 0.0,
    "stimulus_name": "Long Square",
    "stimulus_relative_amplitude": 1.0,
    "stimulus_start_time": 0.92,
    "stimulus_units": "pA",
    "sweep_number": 44,
    "vm_delta_mv": 0.112228393554688
  },
  {
    "bridge_balance_mohm": 15.9340658187866,
    "id": 396307903,
    "leak_pa": 0.0,
    "num_spikes": 19,
    "peak_deflection": 0.0,
    "post_noise_rms_mv": 0.0377191342413425,
    "post_vm_mv": -76.9827423095703,
    "pre_noise_rms_mv": 0.0427039489150047,
    "pre_vm_mv": -76.7859191894531,
    "slow_noise_rms_mv": 0.0745398551225662,
    "slow_vm_mv": -76.7859191894531,
    "specimen_id": 314831019,
    "stimulus_absolute_amplitude": 210.00000349769,
    "stimulus_description": "C1LSCOARSE141203[16]",
    "stimulus_duration": 0.999995,
    "stimulus_interval": 0.0,
    "stimulus_name": "Long Square",
    "stimulus_relative_amplitude": 1.0,
    "stimulus_start_time": 0.92,
    "stimulus_units": "pA",
    "sweep_number": 48,
    "vm_delta_mv": 0.196823120117188
  },
  {
    "bridge_balance_mohm": 15.9340658187866,
    "id": 396307893,
    "leak_pa": 0.0,
    "num_spikes": 3,
    "peak_deflection": 0.0,
    "post_noise_rms_mv": 0.039584893733263,
    "post_vm_mv": -77.1347351074219,
    "pre_noise_rms_mv": 0.037356324493885,
    "pre_vm_mv": -77.0640716552734,
    "slow_noise_rms_mv": 0.0541995316743851,
    "slow_vm_mv": -77.0640716552734,
    "specimen_id": 314831019,
    "stimulus_absolute_amplitude": 110.000002162547,
    "stimulus_description": "C1LSCOARSE141203[11]",
    "stimulus_duration": 0.999995,
    "stimulus_interval": 0.0,
    "stimulus_name": "Long Square",
    "stimulus_relative_amplitude": 1.0,
    "stimulus_start_time": 0.92,
    "stimulus_units": "pA",
    "sweep_number": 43,
    "vm_delta_mv": 0.0706634521484375
  },
  {
    "bridge_balance_mohm": 15.9340658187866,
    "id": 396307845,
    "leak_pa": 0.0,
    "num_spikes": 0,
    "peak_deflection": 0.0,
    "post_noise_rms_mv": 0.038038969039917,
    "post_vm_mv": -75.4726943969727,
    "pre_noise_rms_mv": 0.0416224636137486,
    "pre_vm_mv": -76.7860336303711,
    "slow_noise_rms_mv": 0.10076180845499,
    "slow_vm_mv": -76.7860336303711,
    "specimen_id": 314831019,
    "stimulus_absolute_amplitude": 900.000018955183,
    "stimulus_description": "C1SSFINEST141203[0]",
    "stimulus_duration": 0.002995,
    "stimulus_interval": 0.0,
    "stimulus_name": "Short Square",
    "stimulus_relative_amplitude": 9.0,
    "stimulus_start_time": 0.92,
    "stimulus_units": "pA",
    "sweep_number": 21,
    "vm_delta_mv": 1.31333923339844
  },
  {
    "bridge_balance_mohm": 15.9340658187866,
    "id": 396307911,
    "leak_pa": 0.0,
    "num_spikes": 0,
    "peak_deflection": -55.34375,
    "post_noise_rms_mv": 0.0440642200410366,
    "post_vm_mv": -76.7160186767578,
    "pre_noise_rms_mv": 0.0409441366791725,
    "pre_vm_mv": -76.8054962158203,
    "slow_noise_rms_mv": 0.0903421565890312,
    "slow_vm_mv": -76.8054962158203,
    "specimen_id": 314831019,
    "stimulus_absolute_amplitude": 90.0000005077395,
    "stimulus_description": "C1LSFINEST141203[0]",
    "stimulus_duration": 0.999995,
    "stimulus_interval": 0.0,
    "stimulus_name": "Long Square",
    "stimulus_relative_amplitude": 0.9,
    "stimulus_start_time": 0.92,
    "stimulus_units": "pA",
    "sweep_number": 51,
    "vm_delta_mv": 0.0894775390625
  },
  {
    "bridge_balance_mohm": 15.9340658187866,
    "id": 396307835,
    "leak_pa": 0.0,
    "num_spikes": 0,
    "peak_deflection": 0.0,
    "post_noise_rms_mv": 0.0326720289885998,
    "post_vm_mv": -75.6033477783203,
    "pre_noise_rms_mv": 0.0352345071732998,
    "pre_vm_mv": -76.8881072998047,
    "slow_noise_rms_mv": 0.0990476533770561,
    "slow_vm_mv": -76.8881072998047,
    "specimen_id": 314831019,
    "stimulus_absolute_amplitude": 870.000016472972,
    "stimulus_description": "C1SSFINEST141203[0]",
    "stimulus_duration": 0.002995,
    "stimulus_interval": 0.0,
    "stimulus_name": "Short Square",
    "stimulus_relative_amplitude": 8.7,
    "stimulus_start_time": 0.92,
    "stimulus_units": "pA",
    "sweep_number": 17,
    "vm_delta_mv": 1.28475952148438
  },
  {
    "bridge_balance_mohm": 15.9340658187866,
    "id": 396307853,
    "leak_pa": 0.0,
    "num_spikes": 0,
    "peak_deflection": 0.0,
    "post_noise_rms_mv": 0.0347886830568314,
    "post_vm_mv": -75.6748428344727,
    "pre_noise_rms_mv": 0.0399714037775993,
    "pre_vm_mv": -77.0522232055664,
    "slow_noise_rms_mv": 0.0827272534370422,
    "slow_vm_mv": -77.0522232055664,
    "specimen_id": 314831019,
    "stimulus_absolute_amplitude": 910.000019782586,
    "stimulus_description": "C1SSFINEST141203[0]",
    "stimulus_duration": 0.002995,
    "stimulus_interval": 0.0,
    "stimulus_name": "Short Square",
    "stimulus_relative_amplitude": 9.1,
    "stimulus_start_time": 0.92,
    "stimulus_units": "pA",
    "sweep_number": 25,
    "vm_delta_mv": 1.37738037109375
  },
  {
    "bridge_balance_mohm": 15.9340658187866,
    "id": 396307839,
    "leak_pa": 0.0,
    "num_spikes": 1,
    "peak_deflection": 0.0,
    "post_noise_rms_mv": 0.0430721789598465,
    "post_vm_mv": -74.8819351196289,
    "pre_noise_rms_mv": 0.0366763062775135,
    "pre_vm_mv": -76.616455078125,
    "slow_noise_rms_mv": 0.116354584693909,
    "slow_vm_mv": -76.616455078125,
    "specimen_id": 314831019,
    "stimulus_absolute_amplitude": 900.000018955183,
    "stimulus_description": "C1SSFINEST141203[0]",
    "stimulus_duration": 0.002995,
    "stimulus_interval": 0.0,
    "stimulus_name": "Short Square",
    "stimulus_relative_amplitude": 9.0,
    "stimulus_start_time": 0.92,
    "stimulus_units": "pA",
    "sweep_number": 19,
    "vm_delta_mv": 1.73451995849609
  },
  {
    "bridge_balance_mohm": 15.9340658187866,
    "id": 396307859,
    "leak_pa": 0.0,
    "num_spikes": 1,
    "peak_deflection": 0.0,
    "post_noise_rms_mv": 0.0445861779153347,
    "post_vm_mv": -75.2441787719727,
    "pre_noise_rms_mv": 0.0355836115777493,
    "pre_vm_mv": -77.116584777832,
    "slow_noise_rms_mv": 0.0925246849656105,
    "slow_vm_mv": -77.116584777832,
    "specimen_id": 314831019,
    "stimulus_absolute_amplitude": 930.000021437394,
    "stimulus_description": "C1SSFINEST141203[0]",
    "stimulus_duration": 0.002995,
    "stimulus_interval": 0.0,
    "stimulus_name": "Short Square",
    "stimulus_relative_amplitude": 9.3,
    "stimulus_start_time": 0.92,
    "stimulus_units": "pA",
    "sweep_number": 28,
    "vm_delta_mv": 1.87240600585938
  },
  {
    "bridge_balance_mohm": 15.9340658187866,
    "id": 396307877,
    "leak_pa": 0.0,
    "num_spikes": 0,
    "peak_deflection": -82.0,
    "post_noise_rms_mv": 0.0417285114526749,
    "post_vm_mv": -75.8170852661133,
    "pre_noise_rms_mv": 0.0425285920500755,
    "pre_vm_mv": -75.7029418945312,
    "slow_noise_rms_mv": 0.151067852973938,
    "slow_vm_mv": -75.7029418945312,
    "specimen_id": 314831019,
    "stimulus_absolute_amplitude": -29.9999990127642,
    "stimulus_description": "C1LSCOARSE141203[4]",
    "stimulus_duration": 0.999995,
    "stimulus_interval": 0.0,
    "stimulus_name": "Long Square",
    "stimulus_relative_amplitude": 1.0,
    "stimulus_start_time": 0.92,
    "stimulus_units": "pA",
    "sweep_number": 36,
    "vm_delta_mv": 0.114143371582031
  },
  {
    "bridge_balance_mohm": 15.9340658187866,
    "id": 396307875,
    "leak_pa": 0.0,
    "num_spikes": 0,
    "peak_deflection": -85.375,
    "post_noise_rms_mv": 0.0415620245039463,
    "post_vm_mv": -75.7377471923828,
    "pre_noise_rms_mv": 0.0394028350710869,
    "pre_vm_mv": -76.0292510986328,
    "slow_noise_rms_mv": 0.0608837381005287,
    "slow_vm_mv": -76.0292510986328,
    "specimen_id": 314831019,
    "stimulus_absolute_amplitude": -50.0000006675716,
    "stimulus_description": "C1LSCOARSE141203[3]",
    "stimulus_duration": 0.999995,
    "stimulus_interval": 0.0,
    "stimulus_name": "Long Square",
    "stimulus_relative_amplitude": 1.0,
    "stimulus_start_time": 0.92,
    "stimulus_units": "pA",
    "sweep_number": 35,
    "vm_delta_mv": 0.29150390625
  },
  {
    "bridge_balance_mohm": 15.9340658187866,
    "id": 396307871,
    "leak_pa": 0.0,
    "num_spikes": 0,
    "peak_deflection": -90.5000076293945,
    "post_noise_rms_mv": 0.0384514480829239,
    "post_vm_mv": -76.2223892211914,
    "pre_noise_rms_mv": 0.0408971831202507,
    "pre_vm_mv": -76.1067276000977,
    "slow_noise_rms_mv": 0.112398646771908,
    "slow_vm_mv": -76.1067276000977,
    "specimen_id": 314831019,
    "stimulus_absolute_amplitude": -90.0000005077395,
    "stimulus_description": "C1LSCOARSE141203[1]",
    "stimulus_duration": 0.999995,
    "stimulus_interval": 0.0,
    "stimulus_name": "Long Square",
    "stimulus_relative_amplitude": 1.0,
    "stimulus_start_time": 0.92,
    "stimulus_units": "pA",
    "sweep_number": 33,
    "vm_delta_mv": 0.11566162109375
  },
  {
    "bridge_balance_mohm": 15.9340658187866,
    "id": 396307891,
    "leak_pa": 0.0,
    "num_spikes": 1,
    "peak_deflection": 0.0,
    "post_noise_rms_mv": 0.0345743522047997,
    "post_vm_mv": -75.2562637329102,
    "pre_noise_rms_mv": 0.0408865958452225,
    "pre_vm_mv": -75.3583831787109,
    "slow_noise_rms_mv": 0.10198936611414,
    "slow_vm_mv": -75.3583831787109,
    "specimen_id": 314831019,
    "stimulus_absolute_amplitude": 90.0000005077395,
    "stimulus_description": "C1LSCOARSE141203[10]",
    "stimulus_duration": 0.999995,
    "stimulus_interval": 0.0,
    "stimulus_name": "Long Square",
    "stimulus_relative_amplitude": 1.0,
    "stimulus_start_time": 0.92,
    "stimulus_units": "pA",
    "sweep_number": 42,
    "vm_delta_mv": 0.102119445800781
  },
  {
    "bridge_balance_mohm": 15.9340658187866,
    "id": 396307883,
    "leak_pa": 0.0,
    "num_spikes": 0,
    "peak_deflection": -69.6250076293945,
    "post_noise_rms_mv": 0.0389866940677166,
    "post_vm_mv": -76.5608215332031,
    "pre_noise_rms_mv": 0.0388319194316864,
    "pre_vm_mv": -76.6250762939453,
    "slow_noise_rms_mv": 0.136110126972198,
    "slow_vm_mv": -76.6250762939453,
    "specimen_id": 314831019,
    "stimulus_absolute_amplitude": 29.9999990127642,
    "stimulus_description": "C1LSCOARSE141203[7]",
    "stimulus_duration": 0.999995,
    "stimulus_interval": 0.0,
    "stimulus_name": "Long Square",
    "stimulus_relative_amplitude": 1.0,
    "stimulus_start_time": 0.92,
    "stimulus_units": "pA",
    "sweep_number": 39,
    "vm_delta_mv": 0.0642547607421875
  },
  {
    "bridge_balance_mohm": 15.9340658187866,
    "id": 396307829,
    "leak_pa": 0.0,
    "num_spikes": 0,
    "peak_deflection": 0.0,
    "post_noise_rms_mv": 0.0427399352192879,
    "post_vm_mv": -74.6570129394531,
    "pre_noise_rms_mv": 0.0402785837650299,
    "pre_vm_mv": -75.8476333618164,
    "slow_noise_rms_mv": 0.146448999643326,
    "slow_vm_mv": -75.8476333618164,
    "specimen_id": 314831019,
    "stimulus_absolute_amplitude": 800.000010681146,
    "stimulus_description": "C1SSCOARSE141203[7]",
    "stimulus_duration": 0.002995,
    "stimulus_interval": 0.0,
    "stimulus_name": "Short Square",
    "stimulus_relative_amplitude": 1.0,
    "stimulus_start_time": 0.92,
    "stimulus_units": "pA",
    "sweep_number": 14,
    "vm_delta_mv": 1.19062042236328
  },
  {
    "bridge_balance_mohm": 15.9340658187866,
    "id": 396307905,
    "leak_pa": 0.0,
    "num_spikes": 21,
    "peak_deflection": 0.0,
    "post_noise_rms_mv": 0.0279391091316938,
    "post_vm_mv": -76.9327163696289,
    "pre_noise_rms_mv": 0.0403657332062721,
    "pre_vm_mv": -76.6726379394531,
    "slow_noise_rms_mv": 0.149603292346001,
    "slow_vm_mv": -76.6726379394531,
    "specimen_id": 314831019,
    "stimulus_absolute_amplitude": 230.000005152498,
    "stimulus_description": "C1LSCOARSE141203[17]",
    "stimulus_duration": 0.999995,
    "stimulus_interval": 0.0,
    "stimulus_name": "Long Square",
    "stimulus_relative_amplitude": 1.0,
    "stimulus_start_time": 0.92,
    "stimulus_units": "pA",
    "sweep_number": 49,
    "vm_delta_mv": 0.260078430175781
  },
  {
    "bridge_balance_mohm": 15.9340658187866,
    "id": 396307885,
    "leak_pa": 0.0,
    "num_spikes": 11,
    "peak_deflection": 0.0,
    "post_noise_rms_mv": 0.0,
    "post_vm_mv": 0.0,
    "pre_noise_rms_mv": 0.036733403801918,
    "pre_vm_mv": -77.3490982055664,
    "slow_noise_rms_mv": 0.0731278136372566,
    "slow_vm_mv": -77.3490982055664,
    "specimen_id": 314831019,
    "stimulus_absolute_amplitude": 800.000010681146,
    "stimulus_description": "C1RP25PR1S141203[0]",
    "stimulus_duration": 31.997495,
    "stimulus_interval": 0.0,
    "stimulus_name": "Ramp",
    "stimulus_relative_amplitude": 1.0,
    "stimulus_start_time": 0.9225,
    "stimulus_units": "pA",
    "sweep_number": 4,
    "vm_delta_mv": 0.0
  },
  {
    "bridge_balance_mohm": 0.0,
    "id": 396307841,
    "leak_pa": 0.0,
    "num_spikes": 0,
    "peak_deflection": 0.0,
    "post_noise_rms_mv": 0.0,
    "post_vm_mv": 0.0,
    "pre_noise_rms_mv": 0.0,
    "pre_vm_mv": 0.0,
    "slow_noise_rms_mv": 0.0,
    "slow_vm_mv": 0.0,
    "specimen_id": 314831019,
    "stimulus_absolute_amplitude": 9.99999977648258,
    "stimulus_description": "EXTPCllATT141203[0]",
    "stimulus_duration": 0.069995,
    "stimulus_interval": 0.05,
    "stimulus_name": "Test",
    "stimulus_relative_amplitude": 1.0,
    "stimulus_start_time": 0.03,
    "stimulus_units": "mV",
    "sweep_number": 2,
    "vm_delta_mv": 0.0
  },
  {
    "bridge_balance_mohm": 15.9340658187866,
    "id": 396307849,
    "leak_pa": 0.0,
    "num_spikes": 0,
    "peak_deflection": 0.0,
    "post_noise_rms_mv": 0.0388456881046295,
    "post_vm_mv": -74.8047637939453,
    "pre_noise_rms_mv": 0.0348254591226578,
    "pre_vm_mv": -76.6499938964844,
    "slow_noise_rms_mv": 0.103599242866039,
    "slow_vm_mv": -76.6499938964844,
    "specimen_id": 314831019,
    "stimulus_absolute_amplitude": 900.000018955183,
    "stimulus_description": "C1SSFINEST141203[0]",
    "stimulus_duration": 0.002995,
    "stimulus_interval": 0.0,
    "stimulus_name": "Short Square",
    "stimulus_relative_amplitude": 9.0,
    "stimulus_start_time": 0.92,
    "stimulus_units": "pA",
    "sweep_number": 23,
    "vm_delta_mv": 1.84523010253906
  },
  {
    "bridge_balance_mohm": 15.9340658187866,
    "id": 396307827,
    "leak_pa": 0.0,
    "num_spikes": 0,
    "peak_deflection": 0.0,
    "post_noise_rms_mv": 0.0445003286004066,
    "post_vm_mv": -75.1356887817383,
    "pre_noise_rms_mv": 0.0419032983481884,
    "pre_vm_mv": -76.0958023071289,
    "slow_noise_rms_mv": 0.189716190099716,
    "slow_vm_mv": -76.0958023071289,
    "specimen_id": 314831019,
    "stimulus_absolute_amplitude": 700.000002407108,
    "stimulus_description": "C1SSCOARSE141203[6]",
    "stimulus_duration": 0.002995,
    "stimulus_interval": 0.0,
    "stimulus_name": "Short Square",
    "stimulus_relative_amplitude": 1.0,
    "stimulus_start_time": 0.92,
    "stimulus_units": "pA",
    "sweep_number": 13,
    "vm_delta_mv": 0.960113525390625
  },
  {
    "bridge_balance_mohm": 15.9340658187866,
    "id": 396307861,
    "leak_pa": 0.0,
    "num_spikes": 1,
    "peak_deflection": 0.0,
    "post_noise_rms_mv": 0.0344934538006783,
    "post_vm_mv": -75.3630599975586,
    "pre_noise_rms_mv": 0.0383016765117645,
    "pre_vm_mv": -77.0992965698242,
    "slow_noise_rms_mv": 0.240227743983269,
    "slow_vm_mv": -77.0992965698242,
    "specimen_id": 314831019,
    "stimulus_absolute_amplitude": 930.000021437394,
    "stimulus_description": "C1SSFINEST141203[0]",
    "stimulus_duration": 0.002995,
    "stimulus_interval": 0.0,
    "stimulus_name": "Short Square",
    "stimulus_relative_amplitude": 9.3,
    "stimulus_start_time": 0.92,
    "stimulus_units": "pA",
    "sweep_number": 29,
    "vm_delta_mv": 1.73623657226562
  },
  {
    "bridge_balance_mohm": 15.9340658187866,
    "id": 396307843,
    "leak_pa": 0.0,
    "num_spikes": 1,
    "peak_deflection": 0.0,
    "post_noise_rms_mv": 0.0349747501313686,
    "post_vm_mv": -75.0302581787109,
    "pre_noise_rms_mv": 0.0435776114463806,
    "pre_vm_mv": -76.851936340332,
    "slow_noise_rms_mv": 0.0958078950643539,
    "slow_vm_mv": -76.851936340332,
    "specimen_id": 314831019,
    "stimulus_absolute_amplitude": 900.000018955183,
    "stimulus_description": "C1SSFINEST141203[0]",
    "stimulus_duration": 0.002995,
    "stimulus_interval": 0.0,
    "stimulus_name": "Short Square",
    "stimulus_relative_amplitude": 9.0,
    "stimulus_start_time": 0.92,
    "stimulus_units": "pA",
    "sweep_number": 20,
    "vm_delta_mv": 1.82167816162109
  },
  {
    "bridge_balance_mohm": 15.9340658187866,
    "id": 396307897,
    "leak_pa": 0.0,
    "num_spikes": 10,
    "peak_deflection": 0.0,
    "post_noise_rms_mv": 0.0373859480023384,
    "post_vm_mv": -77.7131423950195,
    "pre_noise_rms_mv": 0.0376288816332817,
    "pre_vm_mv": -77.5671234130859,
    "slow_noise_rms_mv": 0.137996405363083,
    "slow_vm_mv": -77.5671234130859,
    "specimen_id": 314831019,
    "stimulus_absolute_amplitude": 149.999998533268,
    "stimulus_description": "C1LSCOARSE141203[13]",
    "stimulus_duration": 0.999995,
    "stimulus_interval": 0.0,
    "stimulus_name": "Long Square",
    "stimulus_relative_amplitude": 1.0,
    "stimulus_start_time": 0.92,
    "stimulus_units": "pA",
    "sweep_number": 45,
    "vm_delta_mv": 0.146018981933594
  },
  {
    "bridge_balance_mohm": 15.9340658187866,
    "id": 396307909,
    "leak_pa": 0.0,
    "num_spikes": 0,
    "peak_deflection": -57.875,
    "post_noise_rms_mv": 0.0410991385579109,
    "post_vm_mv": -77.1134567260742,
    "pre_noise_rms_mv": 0.0322451554238796,
    "pre_vm_mv": -77.0680313110352,
    "slow_noise_rms_mv": 0.0800089687108994,
    "slow_vm_mv": -77.0680313110352,
    "specimen_id": 314831019,
    "stimulus_absolute_amplitude": 79.9999996803358,
    "stimulus_description": "C1LSFINEST141203[0]",
    "stimulus_duration": 0.999995,
    "stimulus_interval": 0.0,
    "stimulus_name": "Long Square",
    "stimulus_relative_amplitude": 0.8,
    "stimulus_start_time": 0.92,
    "stimulus_units": "pA",
    "sweep_number": 50,
    "vm_delta_mv": 0.0454254150390625
  },
  {
    "bridge_balance_mohm": 15.9340658187866,
    "id": 396307833,
    "leak_pa": 0.0,
    "num_spikes": 0,
    "peak_deflection": 0.0,
    "post_noise_rms_mv": 0.0451029241085052,
    "post_vm_mv": -75.0526580810547,
    "pre_noise_rms_mv": 0.0355775952339172,
    "pre_vm_mv": -76.3769683837891,
    "slow_noise_rms_mv": 0.0994024276733398,
    "slow_vm_mv": -76.3769683837891,
    "specimen_id": 314831019,
    "stimulus_absolute_amplitude": 850.000014818164,
    "stimulus_description": "C1SSFINEST141203[0]",
    "stimulus_duration": 0.002995,
    "stimulus_interval": 0.0,
    "stimulus_name": "Short Square",
    "stimulus_relative_amplitude": 8.5,
    "stimulus_start_time": 0.92,
    "stimulus_units": "pA",
    "sweep_number": 16,
    "vm_delta_mv": 1.32431030273438
  }
]